<?xml version="1.0" encoding="UTF-8"?>
<!--
  #%L
  BroadleafCommerce CMS Module
  %%
  Copyright (C) 2009 - 2013 Broadleaf Commerce
  %%
  Licensed under the Apache License, Version 2.0 (the "License");
  you may not use this file except in compliance with the License.
  You may obtain a copy of the License at
  
        http://www.apache.org/licenses/LICENSE-2.0
  
  Unless required by applicable law or agreed to in writing, software
  distributed under the License is distributed on an "AS IS" BASIS,
  WITHOUT WARRANTIES OR CONDITIONS OF ANY KIND, either express or implied.
  See the License for the specific language governing permissions and
  limitations under the License.
  #L%
  -->

<persistence xmlns="http://java.sun.com/xml/ns/persistence"
             xmlns:xsi="http://www.w3.org/2001/XMLSchema-instance"
             xsi:schemaLocation="http://java.sun.com/xml/ns/persistence http://java.sun.com/xml/ns/persistence/persistence_2_0.xsd"
             version="2.0">
    <persistence-unit name="blPU" transaction-type="RESOURCE_LOCAL">
        <mapping-file>config/bc/jpa/domain/Page.orm.xml</mapping-file>
        <mapping-file>config/bc/jpa/domain/StructuredContent.orm.xml</mapping-file>
        <mapping-file>config/bc/jpa/domain/StaticAsset.orm.xml</mapping-file>
        <mapping-file>config/bc/jpa/domain/URLHandler.orm.xml</mapping-file>
        <class>org.broadleafcommerce.common.locale.domain.LocaleImpl</class>
        <class>org.broadleafcommerce.cms.field.domain.FieldDefinitionImpl</class>
        <class>org.broadleafcommerce.cms.field.domain.FieldGroupImpl</class>
        <class>org.broadleafcommerce.cms.page.domain.PageImpl</class>
        <class>org.broadleafcommerce.cms.page.domain.PageFieldImpl</class>
        <class>org.broadleafcommerce.cms.page.domain.PageTemplateImpl</class>
        <class>org.broadleafcommerce.cms.page.domain.PageRuleImpl</class>
        <class>org.broadleafcommerce.cms.page.domain.PageItemCriteriaImpl</class>
        <class>org.broadleafcommerce.cms.file.domain.StaticAssetImpl</class>
        <class>org.broadleafcommerce.cms.file.domain.ImageStaticAssetImpl</class>
        <class>org.broadleafcommerce.cms.file.domain.StaticAssetDescriptionImpl</class>
        <class>org.broadleafcommerce.cms.structure.domain.StructuredContentTypeImpl</class>
        <class>org.broadleafcommerce.cms.structure.domain.StructuredContentFieldTemplateImpl</class>
        <class>org.broadleafcommerce.cms.structure.domain.StructuredContentFieldImpl</class>
        <class>org.broadleafcommerce.cms.structure.domain.StructuredContentImpl</class>
        <class>org.broadleafcommerce.cms.structure.domain.StructuredContentRuleImpl</class>
        <class>org.broadleafcommerce.cms.structure.domain.StructuredContentItemCriteriaImpl</class>
        <class>org.broadleafcommerce.cms.field.domain.FieldEnumerationImpl</class>
        <class>org.broadleafcommerce.cms.field.domain.FieldEnumerationItemImpl</class>
        <class>org.broadleafcommerce.cms.structure.domain.CriteriaStructuredContentXref</class>
        <class>org.broadleafcommerce.cms.url.domain.URLHandlerImpl</class>
        <exclude-unlisted-classes/>
        <properties>
            <property name="hibernate.show_sql" value="true"/>
            <property name="hibernate.transaction.flush_before_completion" value="false"/>
            <property name="hibernate.cache.region.factory_class" value="org.hibernate.cache.ehcache.SingletonEhCacheRegionFactory"/>
            <property name="hibernate.cache.use_second_level_cache" value="true"/>
            <property name="hibernate.cache.use_query_cache" value="true"/>
            <property name="hibernate.generate_statistics" value="false" />
            <property name="hibernate.archive.autodetection" value="false" />
            <property name="hibernate.dialect" value="org.hibernate.dialect.HSQLDialect"/>
            <property name="hibernate.id.new_generator_mappings" value="true"/>
        </properties>
    </persistence-unit>

    <persistence-unit name="blCMSStorage" transaction-type="RESOURCE_LOCAL">
        <mapping-file>config/bc/jpa/domain/StaticAssetStorage.orm.xml</mapping-file>
        <class>org.broadleafcommerce.cms.file.domain.StaticAssetStorageImpl</class>
        <exclude-unlisted-classes/>
        <properties>
            <property name="hibernate.show_sql" value="true"/>
            <property name="hibernate.transaction.flush_before_completion" value="false"/>
            <property name="hibernate.cache.region.factory_class" value="org.hibernate.cache.ehcache.SingletonEhCacheRegionFactory"/>
            <property name="hibernate.cache.use_second_level_cache" value="false"/>
            <property name="hibernate.cache.use_query_cache" value="false"/>
            <property name="hibernate.generate_statistics" value="false" />
            <property name="hibernate.archive.autodetection" value="false" />
            <property name="hibernate.dialect" value="org.hibernate.dialect.HSQLDialect"/>
            <property name="hibernate.id.new_generator_mappings" value="true"/>
        </properties>
    </persistence-unit>
</persistence>
