<?xml version="1.0" encoding="UTF-8"?>
<!--
  #%L
  BroadleafCommerce CMS Module
  %%
  Copyright (C) 2009 - 2013 Broadleaf Commerce
  %%
  Licensed under the Apache License, Version 2.0 (the "License");
  you may not use this file except in compliance with the License.
  You may obtain a copy of the License at
  
        http://www.apache.org/licenses/LICENSE-2.0
  
  Unless required by applicable law or agreed to in writing, software
  distributed under the License is distributed on an "AS IS" BASIS,
  WITHOUT WARRANTIES OR CONDITIONS OF ANY KIND, either express or implied.
  See the License for the specific language governing permissions and
  limitations under the License.
  #L%
  -->

<entity-mappings xmlns="http://java.sun.com/xml/ns/persistence/orm"
    xmlns:xsi="http://www.w3.org/2001/XMLSchema-instance"
    xsi:schemaLocation="http://java.sun.com/xml/ns/persistence/orm http://java.sun.com/xml/ns/persistence/orm_2_0.xsd" version="2.0">

    <named-query name="BC_READ_PAGE_TEMPLATES_FOR_DEFAULT_LOCALE" >
        <query>SELECT pageTemplate
               FROM org.broadleafcommerce.cms.page.domain.PageTemplate pageTemplate
               WHERE
                  pageTemplate.locale.defaultFlag = true
        </query>
    </named-query>

    <named-query name="BC_READ_PAGE_BY_URI" >
        <query>SELECT page
               FROM org.broadleafcommerce.cms.page.domain.PageImpl page
               WHERE
                  page.fullUrl = :uri AND
                  (page.pageTemplate.locale is null OR page.pageTemplate.locale = :fullLocale OR 
                    page.pageTemplate.locale = :languageOnlyLocale) AND
                  (page.offlineFlag is null OR page.offlineFlag = false)
        </query>
    </named-query>

</entity-mappings>
