<?xml version="1.0" encoding="UTF-8"?>
<!--
  #%L
  BroadleafCommerce CMS Module
  %%
  Copyright (C) 2009 - 2013 Broadleaf Commerce
  %%
  Licensed under the Apache License, Version 2.0 (the "License");
  you may not use this file except in compliance with the License.
  You may obtain a copy of the License at
  
        http://www.apache.org/licenses/LICENSE-2.0
  
  Unless required by applicable law or agreed to in writing, software
  distributed under the License is distributed on an "AS IS" BASIS,
  WITHOUT WARRANTIES OR CONDITIONS OF ANY KIND, either express or implied.
  See the License for the specific language governing permissions and
  limitations under the License.
  #L%
  -->

<entity-mappings xmlns="http://java.sun.com/xml/ns/persistence/orm"
    xmlns:xsi="http://www.w3.org/2001/XMLSchema-instance"
    xsi:schemaLocation="http://java.sun.com/xml/ns/persistence/orm http://java.sun.com/xml/ns/persistence/orm_2_0.xsd" version="2.0">

    <named-query name="BC_READ_ALL_STRUCTURED_CONTENT_TYPES" >
        <query>SELECT structuredContentType
               FROM org.broadleafcommerce.cms.structure.domain.StructuredContentType structuredContentType
        </query>
    </named-query>

    <named-query name="BC_READ_STRUCTURED_CONTENT_TYPE_BY_NAME" >
        <query>SELECT structuredContentType
               FROM org.broadleafcommerce.cms.structure.domain.StructuredContentType structuredContentType
               WHERE structuredContentType.name = :name
        </query>
    </named-query>

    <named-query name="BC_ACTIVE_STRUCTURED_CONTENT_BY_TYPE_AND_NAME" >
        <query>SELECT structuredContent
               FROM org.broadleafcommerce.cms.structure.domain.StructuredContent structuredContent
               WHERE structuredContent.structuredContentType = :contentType AND
                     (structuredContent.locale = :fullLocale OR structuredContent.locale = :languageOnlyLocale ) AND
                     structuredContent.contentName = :contentName AND
                     structuredContent.offlineFlag = false
               ORDER BY structuredContent.priority
        </query>
    </named-query>

    <named-query name="BC_ACTIVE_STRUCTURED_CONTENT_BY_TYPE" >
        <query>SELECT structuredContent
               FROM org.broadleafcommerce.cms.structure.domain.StructuredContent structuredContent
               WHERE structuredContent.structuredContentType = :contentType AND
                     (structuredContent.locale = :fullLocale OR structuredContent.locale = :languageOnlyLocale ) AND
                     structuredContent.offlineFlag = false
               ORDER BY structuredContent.priority
        </query>
    </named-query>

    <named-query name="BC_ACTIVE_STRUCTURED_CONTENT_BY_NAME" >
        <query>SELECT structuredContent
                  FROM org.broadleafcommerce.cms.structure.domain.StructuredContent structuredContent
                  WHERE (structuredContent.locale = :fullLocale OR structuredContent.locale = :languageOnlyLocale ) AND
                        structuredContent.contentName = :contentName AND
                        structuredContent.offlineFlag = false
                  ORDER BY structuredContent.priority
        </query>
    </named-query>

</entity-mappings>
