<?xml version="1.0" encoding="UTF-8"?>
<!--
  #%L
  BroadleafCommerce CMS Module
  %%
  Copyright (C) 2009 - 2013 Broadleaf Commerce
  %%
  Licensed under the Apache License, Version 2.0 (the "License");
  you may not use this file except in compliance with the License.
  You may obtain a copy of the License at
  
        http://www.apache.org/licenses/LICENSE-2.0
  
  Unless required by applicable law or agreed to in writing, software
  distributed under the License is distributed on an "AS IS" BASIS,
  WITHOUT WARRANTIES OR CONDITIONS OF ANY KIND, either express or implied.
  See the License for the specific language governing permissions and
  limitations under the License.
  #L%
  -->

<beans xmlns="http://www.springframework.org/schema/beans"
    xmlns:xsi="http://www.w3.org/2001/XMLSchema-instance"
    xmlns:context="http://www.springframework.org/schema/context"
    xsi:schemaLocation="http://www.springframework.org/schema/beans http://www.springframework.org/schema/beans/spring-beans-3.2.xsd
           http://www.springframework.org/schema/context http://www.springframework.org/schema/context/spring-context-3.2.xsd">

    <context:component-scan base-package="org.broadleafcommerce.cms">
        <context:exclude-filter type="regex" expression="org.broadleafcommerce.cms.admin.*"/>
    </context:component-scan>
    <context:component-scan base-package="org.broadleafcommerce.common.locale"/>

    <bean id="blConfiguration" class="org.broadleafcommerce.common.config.RuntimeEnvironmentPropertiesConfigurer" />

    <bean id="blMergedPersistenceXmlLocations" class="org.springframework.beans.factory.config.ListFactoryBean">
        <property name="sourceList">
            <list>
                <value>classpath*:/META-INF/persistence-cms.xml</value>
            </list>
        </property>
    </bean>

    <bean id="blEntityManagerFactoryAssetStorageInfo" class="org.springframework.orm.jpa.LocalContainerEntityManagerFactoryBean" depends-on="blCacheManager">
        <property name="jpaVendorAdapter" ref="blJpaVendorAdapter"/>
        <property name="persistenceUnitManager" ref="blPersistenceUnitManager" />
        <property name="persistenceUnitName" value="blCMSStorage"/>
    </bean>

    <bean id="blTransactionManagerAssetStorageInfo" class="org.springframework.orm.jpa.JpaTransactionManager">
        <property name="entityManagerFactory" ref="blEntityManagerFactoryAssetStorageInfo" />
    </bean>

    <bean id="blMergedCacheConfigLocations" class="org.springframework.beans.factory.config.ListFactoryBean">
        <property name="sourceList">
            <list>
                <value>classpath:bl-cms-ehcache.xml</value>
            </list>
        </property>
    </bean>

    <bean id="blMergedEntityContexts" class="org.springframework.beans.factory.config.ListFactoryBean">
        <property name="sourceList">
            <list>
                <value>classpath:bl-cms-applicationContext-entity.xml</value>
            </list>
        </property>
    </bean>

    <bean id="blSandboxItemListeners" class="org.springframework.beans.factory.config.ListFactoryBean" scope="prototype">
        <property name="sourceList">
            <list>
                <ref bean="blPageService"/>
                <ref bean="blStructuredContentService"/>
                <ref bean="blStaticAssetService"/>
            </list>
        </property>
    </bean>

    <bean id="blContentDefaultRuleProcessor" class="org.broadleafcommerce.cms.structure.service.StructuredContentDefaultRuleProcessor">
        <property name="contextClassNames">
            <map>
                <entry key="customer" value="org.broadleafcommerce.profile.core.domain.Customer" />
                <entry key="product" value="org.broadleafcommerce.core.catalog.domain.Product" />
                <entry key="time" value="org.broadleafcommerce.common.TimeDTO" />
                <entry key="request" value="org.broadleafcommerce.common.RequestDTO" />
            </map>
        </property>
    </bean>

    <bean id="blContentRuleProcessors" class="org.springframework.beans.factory.config.ListFactoryBean">
        <property name="sourceList">
            <list>
                <ref bean="blContentDefaultRuleProcessor"/>
            </list>
        </property>
    </bean>
    
    <bean id="blPageDefaultRuleProcessor" class="org.broadleafcommerce.cms.page.service.PageDefaultRuleProcessor">
        <property name="contextClassNames">
            <map>
                <entry key="customer" value="org.broadleafcommerce.profile.core.domain.Customer" />
                <entry key="time" value="org.broadleafcommerce.common.TimeDTO" />
                <entry key="request" value="org.broadleafcommerce.common.RequestDTO" />
            </map>
        </property>
    </bean>

    <bean id="blPageRuleProcessors" class="org.springframework.beans.factory.config.ListFactoryBean">
        <property name="sourceList">
            <list>
                <ref bean="blPageDefaultRuleProcessor"/>
            </list>
        </property>
    </bean>

    <bean id="blNamedOperationManager" class="org.broadleafcommerce.cms.file.service.operation.NamedOperationManagerImpl">
        <property name="namedOperationComponents">
            <list>
                <ref bean="blStaticMapNamedOperationComponent"/>
            </list>
        </property>
    </bean>

    <bean id="blStaticMapNamedOperationComponent" class="org.broadleafcommerce.cms.file.service.operation.StaticMapNamedOperationComponent">
        <property name="namedOperations">
            <map>                                          
                <entry key="smallAdminThumbnail">
                    <map>
                        <entry key="resize-width-amount" value="30"/>
                        <entry key="resize-height-amount" value="30"/>
                        <entry key="resize-high-quality" value="false"/>
                        <entry key="resize-maintain-aspect-ratio" value="true"/>
                        <entry key="resize-reduce-only" value="true"/>
                    </map>
                </entry>
                <entry key="largeAdminThumbnail">
                    <map>
                        <entry key="resize-width-amount" value="60"/>
                        <entry key="resize-height-amount" value="60"/>
                        <entry key="resize-high-quality" value="false"/>
                        <entry key="resize-maintain-aspect-ratio" value="true"/>
                        <entry key="resize-reduce-only" value="true"/>
                    </map>
                </entry>
            </map>
        </property>
    </bean>
    
    <bean id="blContentDeepLinkService" class="org.broadleafcommerce.cms.web.deeplink.ContentDeepLinkServiceImpl">
        <property name="structuredContentAdminPath" value="structured-content/" />
    </bean>
    
    <bean id="blContentProcessor" class="org.broadleafcommerce.cms.web.processor.ContentProcessor" />
    <bean id="blContentProcessorExtensionManager" class="org.broadleafcommerce.cms.web.processor.ContentProcessorExtensionManager" />
    <bean id="blUrlRewriteProcessor" class="org.broadleafcommerce.cms.web.processor.UrlRewriteProcessor" />

    <bean id="blDialectCmsProcessors" class="org.springframework.beans.factory.config.SetFactoryBean">
        <property name="sourceSet">
            <set>
                <ref bean="blContentProcessor"/>
                <ref bean="blUrlRewriteProcessor" />
            </set>
        </property>
    </bean>
    <bean class="org.broadleafcommerce.common.extensibility.context.merge.LateStageMergeBeanPostProcessor">
        <property name="collectionRef" value="blDialectCmsProcessors" />
        <property name="targetRef" value="blDialectProcessors" />
    </bean>

    <bean id="blCMSSiteMapGenerators" class="org.springframework.beans.factory.config.ListFactoryBean">
        <property name="sourceList">
            <list>
                <ref bean="blPageSiteMapGenerator" />
            </list>
        </property>
    </bean>
    <bean class="org.broadleafcommerce.common.extensibility.context.merge.LateStageMergeBeanPostProcessor">
        <property name="collectionRef" value="blCMSSiteMapGenerators" />
        <property name="targetRef" value="blSiteMapGenerators" />
    </bean>

</beans>
